{
    "codes": [
              {
              "name": "Code Blue",
              "events": [
                         {
                         "name":"Vital Signs",
                         "sections": [
                                      {
                                      "view":"list",
                                      "items": [
                                                {
                                                "type":"numeric",
                                                "name":"Heart Rate",
                                                "detail":"",
                                                "value":"",
                                                "placeholder":"Enter Here",
                                                "logMessage":"Heart Rate: ",
                                                "keep":false
                                                },
                                                {
                                                "type":"numeric",
                                                "name":"Blood Pressure",
                                                "detail":"",
                                                "value":"",
                                                "placeholder":"Enter Here",
                                                "logMessage":"Blood Pressure: ",
                                                "keep":false
                                                },
                                                {
                                                "type":"numeric",
                                                "name":"Respiratory Rate",
                                                "detail":"",
                                                "value":"",
                                                "placeholder":"Enter Here",
                                                "logMessage":"Respiratory Rate: ",
                                                "keep":false
                                                },
                                                {
                                                "type":"numeric",
                                                "name":"SpO2",
                                                "detail":"",
                                                "value":"",
                                                "placeholder":"Enter Here",
                                                "logMessage":"SpO2: ",
                                                "keep":false
                                                },
                                                {
                                                "type":"numeric",
                                                "name":"EtCO2",
                                                "detail":"",
                                                "value":"",
                                                "placeholder":"Enter Here",
                                                "logMessage":"EtCO2: ",
                                                "keep":false
                                                }
                                                ]
                                      }
                                      ]
                         },
                         {
                         "name":"Hemodynamics",
                         "sections": [
                                      {
                                      "name":"CPR",
                                      "numberPerRow":3,
                                      "view":"collection",
                                      "items": [
                                                {
                                                "type":"value",
                                                "name":"Start CPR",
                                                "value":false,
                                                "logMessage":"Start CPR",
                                                "keep":false
                                                },
                                                {
                                                "type":"value",
                                                "name":"Pause CPR",
                                                "logMessage":"Pause CPR",
                                                "keep":false
                                                },
                                                {
                                                "type":"value",
                                                "name":"Restart CPR",
                                                "logMessage":"Restart CPR",
                                                "keep":false
                                                }
                                                ]
                                      },
                                      {
                                      "name": "",
                                      "view":"list",
                                      "items": [
                                                {
                                                "type":"choice",
                                                "name":"Pulse",
                                                "value":false,
                                                "logMessage":"Pulse: ",
                                                "keep":true,
                                                "predefinedValues": {
                                                "name":"",
                                                "values": [
                                                           "Yes",
                                                           "No"
                                                           ]
                                                }
                                                }
                                                ]
                                      },
                                      {
                                      "name": "",
                                      "view":"collection",
                                      "items": [
                                                {
                                                "type":"flag",
                                                "name":"Lucas",
                                                "value":false,
                                                "logMessage":"Lucas: ",
                                                "keep":true
                                                }
                                                ]
                                      },
                                      {
                                      "name":"Cardiac Rhythms",
                                      "numberPerRow":5,
                                      "view":"collection",
                                      "items": [
                                                {
                                                "type":"value",
                                                "name":"SR",
                                                "value":false,
                                                "onSelect":"selected",
                                                "logMessage":"SR: Yes",
                                                "keep":false
                                                },
                                                {
                                                "type":"value",
                                                "name":"ST",
                                                "value":false,
                                                "onSelect":"selected",
                                                "logMessage":"ST: Yes",
                                                "keep":false
                                                },
                                                {
                                                "type":"value",
                                                "name":"SB",
                                                "value":false,
                                                "onSelect":"selected",
                                                "logMessage":"SB: Yes",
                                                "keep":false
                                                },
                                                {
                                                "type":"value",
                                                "name":"A-Flutter",
                                                "value":false,
                                                "onSelect":"selected",
                                                "logMessage":"A-Flutter: Yes",
                                                "keep":false
                                                },
                                                {
                                                "type":"value",
                                                "name":"A-Fib",
                                                "value":false,
                                                "onSelect":"selected",
                                                "logMessage":"A-Fib: Yes",
                                                "keep":false
                                                },
                                                {
                                                "type":"value",
                                                "name":"SVT",
                                                "value":false,
                                                "onSelect":"selected",
                                                "logMessage":"SVT: Yes",
                                                "keep":false
                                                },
                                                {
                                                "type":"value",
                                                "name":"VT",
                                                "value":false,
                                                "onSelect":"selected",
                                                "logMessage":"VT: Yes",
                                                "keep":false
                                                },
                                                {
                                                "type":"value",
                                                "name":"VF",
                                                "value":false,
                                                "onSelect":"selected",
                                                "logMessage":"VF: Yes",
                                                "keep":false
                                                },
                                                {
                                                "type":"value",
                                                "name":"PEA",
                                                "value":false,
                                                "onSelect":"selected",
                                                "logMessage":"PEA: Yes",
                                                "keep":false
                                                },
                                                {
                                                "type":"value",
                                                "name":"Asystole",
                                                "value":false,
                                                "onSelect":"selected",
                                                "logMessage":"Asystole: Yes",
                                                "keep":false
                                                }
                                                ]
                                      },
                                      {
                                      "name":"Defibrillation Energy",
                                      "view":"collection",
                                      "color": {
                                      "r":39,
                                      "g":123,
                                      "b":106
                                      },
                                      "timerAlert": {
                                      "message": "2 Minutes since Defibrillation Energy",
                                      "time": 120
                                      },
                                      "items": [
                                                {
                                                "type":"value",
                                                "name":"50J",
                                                "onSelect":"deselected",
                                                "logMessage":"Defibrillation: 50J",
                                                "keep":false
                                                },
                                                {
                                                "type":"value",
                                                "name":"100J",
                                                "onSelect":"deselected",
                                                "logMessage":"Defibrillation: 100J",
                                                "keep":false
                                                },
                                                {
                                                "type":"value",
                                                "name":"120J",
                                                "onSelect":"deselected",
                                                "logMessage":"Defibrillation: 120J",
                                                "keep":false
                                                },
                                                {
                                                "type":"value",
                                                "name":"150J",
                                                "onSelect":"deselected",
                                                "logMessage":"Defibrillation: 150J",
                                                "keep":false
                                                },
                                                {
                                                "type":"value",
                                                "name":"200J",
                                                "onSelect":"deselected",
                                                "logMessage":"Defibrillation: 200J",
                                                "keep":false
                                                }
                                                ]
                                      },
                                      {
                                      "name":"Sync. Cardioversion Energy",
                                      "view":"collection",
                                      "items": [
                                                {
                                                "type":"value",
                                                "name":"120J",
                                                "onSelect":"deselected",
                                                "logMessage":"Defibrillation: 120J",
                                                "keep":false
                                                },
                                                {
                                                "type":"value",
                                                "name":"150J",
                                                "onSelect":"deselected",
                                                "logMessage":"Defibrillation: 150J",
                                                "keep":false
                                                },
                                                {
                                                "type":"value",
                                                "name":"200J",
                                                "onSelect":"deselected",
                                                "logMessage":"Defibrillation: 200J",
                                                "keep":false
                                                }
                                                ]
                                      },
                                      {
                                      "name":"Initial Vascular Access",
                                      "view":"collection",
                                      "items": [
                                                {
                                                "type":"flag",
                                                "name":"PIV",
                                                "value":false,
                                                "logMessage":"Initial Vascular PIV: ",
                                                "keep":true
                                                },
                                                {
                                                "type":"flag",
                                                "name":"Central",
                                                "value":false,
                                                "logMessage":"Initial Vascular Central: ",
                                                "keep":true
                                                },
                                                {
                                                "type":"flag",
                                                "name":"Arterial",
                                                "value":false,
                                                "logMessage":"Initial Vascular Arterial: ",
                                                "keep":true
                                                },
                                                {
                                                "type":"flag",
                                                "name":"PICC",
                                                "value":false,
                                                "logMessage":"Initial Vascular PICC: ",
                                                "keep":true
                                                }
                                                ]
                                      },
                                      {
                                      "name":"Lines Placed",
                                      "view":"collection",
                                      "items": [
                                                {
                                                "type":"flag",
                                                "name":"PIV",
                                                "value":false,
                                                "logMessage":"Lines Placed PIV: ",
                                                "keep":true
                                                },
                                                {
                                                "type":"flag",
                                                "name":"Central",
                                                "value":false,
                                                "logMessage":"Lines Placed Central: ",
                                                "keep":true
                                                },
                                                {
                                                "type":"flag",
                                                "name":"Arterial",
                                                "value":false,
                                                "logMessage":"Lines Placed Arterial: ",
                                                "keep":true
                                                }
                                                ]
                                      }
                                      ]
                         },
                         {
                         "name":"Respiratory",
                         "sections": [
                                      {
                                      "name":"Choice Of:",
                                      "view":"collection",
                                      "items": [
                                                {
                                                "type":"flag",
                                                "name":"Spontaneous",
                                                "value":false,
                                                "logMessage":"Spontaneous: ",
                                                "keep":true
                                                },
                                                {
                                                "type":"flag",
                                                "name":"Assist",
                                                "value":false,
                                                "logMessage":"Assist: ",
                                                "keep":true
                                                }
                                                ]
                                      },
                                      {
                                      "name":"Airway Type",
                                      "view":"collection",
                                      "numberPerRow":4,
                                      "items":[
                                               {
                                               "type":"flag",
                                               "name":"BVM",
                                               "value":false,
                                               "logMessage":"BVM: ",
                                               "keep":true
                                               },
                                               {
                                               "type":"flag",
                                               "name":"OPA",
                                               "value":false,
                                               "logMessage":"OPA: ",
                                               "keep":true
                                               },
                                               {
                                               "type":"flag",
                                               "name":"NPA",
                                               "value":false,
                                               "logMessage":"NPA: ",
                                               "keep":true
                                               },
                                               {
                                               "type":"flag",
                                               "name":"HFNC",
                                               "value":false,
                                               "logMessage":"HFNC: ",
                                               "keep":true
                                               },
                                               {
                                               "type":"flag",
                                               "name":"BiPAP",
                                               "value":false,
                                               "logMessage":"BiPAP: ",
                                               "keep":true
                                               },
                                               {
                                               "type":"flag",
                                               "name":"CPAP",
                                               "value":false,
                                               "logMessage":"CPAP: ",
                                               "keep":true
                                               },
                                               {
                                               "type":"flag",
                                               "name":"LMA",
                                               "value":false,
                                               "logMessage":"LMA: ",
                                               "keep":true
                                               },
                                               {
                                               "type":"flag",
                                               "name":"Surgical",
                                               "value":false,
                                               "logMessage":"Surgical: ",
                                               "keep":true
                                               }
                                               ]
                                      },
                                      {
                                      "name":"",
                                      "view":"list",
                                      "items": [
                                                {
                                                "type":"numeric",
                                                "name":"ETT #",
                                                "detail":"",
                                                "value":"",
                                                "placeholder":"Enter Here",
                                                "logMessage":"ETT #: ",
                                                "keep":false
                                                },
                                                {
                                                "type":"numeric",
                                                "name":"ETT",
                                                "detail":"cm",
                                                "value":"",
                                                "placeholder":"Enter Here",
                                                "logMessage":"ETT: ",
                                                "keep":false
                                                }
                                                ]
                                      },
                                      {
                                      "name":"ETT Confirmed By:",
                                      "view":"collection",
                                      "items":[
                                               {
                                               "type":"flag",
                                               "name":"Calorimetric",
                                               "value":false,
                                               "logMessage":"ETT Confirmed by Calorimetric: ",
                                               "keep":true
                                               },
                                               {
                                               "type":"flag",
                                               "name":"Capnography",
                                               "value":false,
                                               "logMessage":"ETT Confirmed by Capnography: ",
                                               "keep":true
                                               },
                                               {
                                               "type":"flag",
                                               "name":"Capnometry",
                                               "value":false,
                                               "logMessage":"ETT Confirmed by Capnometry: ",
                                               "keep":true
                                               }
                                               ]
                                      }
                                      ]
                         },
                         {
                         "name":"Bolus Medication",
                         "sections": [
                                      {
                                      "name":"Epinephrine",
                                      "view":"collection",
                                      "color": {
                                      "r":80,
                                      "g":99,
                                      "b":216
                                      },
                                      "items": [
                                                {
                                                "type":"value",
                                                "name":"1mg",
                                                "logMessage":"Epinephrine 1mg",
                                                "keep":false,
                                                "timerAlert": {
                                                "message": "3 Minutes since Epinephrine",
                                                "time": 180
                                                }
                                                }
                                                ]
                                      },
                                      {
                                      "name":"Vasopressin",
                                      "view":"collection",
                                      "color": {
                                      "r":80,
                                      "g":99,
                                      "b":216
                                      },
                                      "items": [
                                                {
                                                "type":"value",
                                                "name":"40 units",
                                                "logMessage":"Vasopressin 40 units",
                                                "keep":false,
                                                "timerAlert": {
                                                "message": "3 Minutes since Vasopressin",
                                                "time": 180
                                                }
                                                }
                                                ]
                                      },
                                      {
                                      "name":"Atropine",
                                      "view":"collection",
                                      "items": [
                                                {
                                                "type":"value",
                                                "name":"0.5mg",
                                                "logMessage":"Atropine 0.5mg",
                                                "keep":false
                                                },
                                                {
                                                "type":"value",
                                                "name":"1mg",
                                                "logMessage":"Atropine 1mg",
                                                "keep":false
                                                }
                                                ]
                                      },
                                      {
                                      "name":"Amiodarone",
                                      "view":"collection",
                                      "items": [
                                                {
                                                "type":"value",
                                                "name":"150mg",
                                                "logMessage":"Amiodarone 150mg",
                                                "keep":false
                                                },
                                                {
                                                "type":"value",
                                                "name":"300mg",
                                                "logMessage":"Amiodarone 150mg",
                                                "keep":false
                                                }
                                                ]
                                      },
                                      {
                                      "name":"Sodium Bicarbonate",
                                      "view":"collection",
                                      "items": [
                                                {
                                                "type":"value",
                                                "name":"50mEq",
                                                "logMessage":"Sodium Bicarbonate 50mEq",
                                                "keep":false
                                                },
                                                {
                                                "type":"value",
                                                "name":"100mEq",
                                                "logMessage":"Sodium Bicarbonate 100mEq",
                                                "keep":false
                                                }
                                                ]
                                      },
                                      {
                                      "name":"Calcium Chloride",
                                      "view":"collection",
                                      "items": [
                                                {
                                                "type":"value",
                                                "name":"1mg",
                                                "logMessage":"Calcium Chloride 1mg",
                                                "keep":false
                                                },
                                                {
                                                "type":"value",
                                                "name":"2mg",
                                                "logMessage":"Calcium Chloride 2mg",
                                                "keep":false
                                                }
                                                ]
                                      },
                                      {
                                      "name":"Magnesium Sulfate",
                                      "view":"collection",
                                      "items": [
                                                {
                                                "type":"value",
                                                "name":"1mg",
                                                "logMessage":"Magnesium Sulfate 1mg",
                                                "keep":false
                                                },
                                                {
                                                "type":"value",
                                                "name":"2mg",
                                                "logMessage":"Magnesium Sulfate 2mg",
                                                "keep":false
                                                }
                                                ]
                                      },
                                      {
                                      "name":"NS",
                                      "view":"collection",
                                      "items": [
                                                {
                                                "type":"value",
                                                "name":"250mL",
                                                "logMessage":"NS 250mL",
                                                "keep":false
                                                },
                                                {
                                                "type":"value",
                                                "name":"500mL",
                                                "logMessage":"NS 500mL",
                                                "keep":false
                                                },
                                                {
                                                "type":"value",
                                                "name":"1L",
                                                "logMessage":"NS 1L",
                                                "keep":false
                                                }
                                                ]
                                      },
                                      {
                                      "name":"LR",
                                      "view":"collection",
                                      "items": [
                                                {
                                                "type":"value",
                                                "name":"250mL",
                                                "logMessage":"LR 250mL",
                                                "keep":false
                                                },
                                                {
                                                "type":"value",
                                                "name":"500mL",
                                                "logMessage":"LR 500mL",
                                                "keep":false
                                                },
                                                {
                                                "type":"value",
                                                "name":"1L",
                                                "logMessage":"LR 1L",
                                                "keep":false
                                                }
                                                ]
                                      },
                                      {
                                      "name":"Albumin (5%)",
                                      "view":"collection",
                                      "items": [
                                                {
                                                "type":"value",
                                                "name":"250mL",
                                                "logMessage":"Albumin (5%) 250mL",
                                                "keep":false
                                                },
                                                {
                                                "type":"value",
                                                "name":"500mL",
                                                "logMessage":"Albumin (5%) 500mL",
                                                "keep":false
                                                }
                                                ]
                                      },
                                      {
                                      "name":"Albumin (25%)",
                                      "view":"collection",
                                      "items": [
                                                {
                                                "type":"value",
                                                "name":"50mL",
                                                "logMessage":"Albumin (25%) 50mL",
                                                "keep":false
                                                },
                                                {
                                                "type":"value",
                                                "name":"100mL",
                                                "logMessage":"Albumin (25%) 100mL",
                                                "keep":false
                                                }
                                                ]
                                      },
                                      {
                                      "name":"Plasmalyte",
                                      "view":"collection",
                                      "items": [
                                                {
                                                "type":"value",
                                                "name":"250mL",
                                                "logMessage":"Plasmalyte 250mL",
                                                "keep":false
                                                },
                                                {
                                                "type":"value",
                                                "name":"500mL",
                                                "logMessage":"Plasmalyte 500mL",
                                                "keep":false
                                                },
                                                {
                                                "type":"value",
                                                "name":"1L",
                                                "logMessage":"Plasmalyte 1L",
                                                "keep":false
                                                }
                                                ]
                                      },
                                      {
                                      "view":"list",
                                      "items": [
                                                {
                                                "type":"numeric",
                                                "name":"tPa",
                                                "detail":"units",
                                                "value":"",
                                                "logMessage":"tPa: ",
                                                "keep":false
                                                },
                                                {
                                                "type":"numeric",
                                                "name":"Mannitol",
                                                "detail":"units",
                                                "value":"",
                                                "logMessage":"Mannitol: ",
                                                "keep":false
                                                },
                                                {
                                                "type":"numeric",
                                                "name":"Hypertonic (3%) Saline",
                                                "detail":"units",
                                                "value":"",
                                                "logMessage":"Hypertonic (3%) Saline: ",
                                                "keep":false
                                                }
                                                ]
                                      }
                                      ]
                         },
                         {
                         "name":"Drip Medication",
                         "sections":[
                                     {
                                     "view":"list",
                                     "items": [
                                               {
                                               "type":"numeric",
                                               "name":"NS",
                                               "detail":"mL/hr",
                                               "value":"",
                                               "logMessage":"NS: ",
                                               "keep":false
                                               },
                                               {
                                               "type":"numeric",
                                               "name":"LR",
                                               "detail":"mL/hr",
                                               "value":"",
                                               "logMessage":"LR: ",
                                               "keep":false
                                               },
                                               {
                                               "type":"numeric",
                                               "name":"Levophed",
                                               "detail":"mcg/min",
                                               "value":"",
                                               "logMessage":"Levophed: ",
                                               "keep":false
                                               },
                                               {
                                               "type":"numeric",
                                               "name":"Phenylephrine",
                                               "detail":"mcg/min",
                                               "value":"",
                                               "logMessage":"Phenylephrine: ",
                                               "keep":false
                                               },
                                               {
                                               "type":"numeric",
                                               "name":"Epinephrine",
                                               "detail":"mcg/kg/min",
                                               "value":"",
                                               "logMessage":"Epinephrine: ",
                                               "keep":false
                                               },
                                               {
                                               "type":"numeric",
                                               "name":"Vasopressin",
                                               "detail":"units/hr",
                                               "value":"",
                                               "logMessage":"Vasopressin: ",
                                               "keep":false
                                               },
                                               {
                                               "type":"numeric",
                                               "name":"Lidocaine",
                                               "detail":"mg/min",
                                               "value":"",
                                               "logMessage":"Lidocaine: ",
                                               "keep":false
                                               },
                                               {
                                               "type":"numeric",
                                               "name":"Amiodarone",
                                               "detail":"mg/min",
                                               "value":"",
                                               "logMessage":"Amiodarone: ",
                                               "keep":false
                                               },
                                               {
                                               "type":"numeric",
                                               "name":"Dopamine",
                                               "detail":"mcg/kg/min",
                                               "value":"",
                                               "logMessage":"Dopamine: ",
                                               "keep":false
                                               },
                                               {
                                               "type":"numeric",
                                               "name":"Dobutamine",
                                               "detail":"mcg/kg/min",
                                               "value":"",
                                               "logMessage":"Dobutamine: ",
                                               "keep":false
                                               },
                                               {
                                               "type":"numeric",
                                               "name":"Milrinone ",
                                               "detail":"mcg/kg/min",
                                               "value":"",
                                               "logMessage":"Milrinone : ",
                                               "keep":false
                                               },
                                               {
                                               "type":"numeric",
                                               "name":"Plasmalyte ",
                                               "detail":"mL/hr",
                                               "value":"",
                                               "logMessage":"Plasmalyte : ",
                                               "keep":false
                                               }
                                               ]
                                     }
                                     ]
                         },
                         {
                         "name":"Pre & Post Events",
                         "sections": [
                                      {
                                      "name":"",
                                      "view":"list",
                                      "items": [
                                                {
                                                "type":"numeric",
                                                "name":"Date",
                                                "value":"",
                                                "logMessage":"Date: ",
                                                "keep":true
                                                },
                                                {
                                                "type":"choice",
                                                "name":"Witnessed Arrest",
                                                "value":"",
                                                "logMessage": "Witnessed Arrest: ",
                                                "keep":true,
                                                "predefinedValues": {
                                                "name":"",
                                                "values": [
                                                           "Yes",
                                                           "No"
                                                           ]
                                                }
                                                },
                                                {
                                                "type":"numeric",
                                                "name":"Est. Time of Arrest",
                                                "value":"",
                                                "logMessage":"Est. Time of Arrest: ",
                                                "keep":true
                                                },
                                                {
                                                "type":"text",
                                                "name":"Patient found by",
                                                "value":"",
                                                "logMessage":"Patient found by: ",
                                                "keep":true
                                                },
                                                {
                                                "type":"numeric",
                                                "name":"Temperature",
                                                "detail":"C",
                                                "value":"",
                                                "logMessage":"Temperature: ",
                                                "keep":true
                                                },
                                                {
                                                "type":"numeric",
                                                "name":"Time of EMS Handoff ",
                                                "value":"",
                                                "logMessage":"Time of EMS Handoff : ",
                                                "keep":true
                                                }
                                                ]
                                      },
                                      {
                                      "name":"Monitoring at Onset",
                                      "view":"collection",
                                      "items": [
                                                {
                                                "type":"flag",
                                                "name":"Arterial Line",
                                                "value":"",
                                                "logMessage":"Arterial Line Blood Pressure: ",
                                                "keep":true
                                                },
                                                {
                                                "type":"flag",
                                                "name":"NIBP",
                                                "value":false,
                                                "logMessage":"NIBP: ",
                                                "keep":true
                                                },
                                                {
                                                "type":"flag",
                                                "name":"None",
                                                "value":false,
                                                "logMessage":"None: ",
                                                "keep":true
                                                },
                                                {
                                                "type":"flag",
                                                "name":"Tele",
                                                "value":false,
                                                "logMessage":"Telemetry: ",
                                                "keep":true
                                                },
                                                {
                                                "type":"flag",
                                                "name":"Pulse Oximetry",
                                                "value":false,
                                                "logMessage":"Pulse Oximetry: ",
                                                "keep":true
                                                }
                                                ]
                                      },
                                      {
                                      "name":"Initial Assessment",
                                      "view":"collection",
                                      "items": [
                                                {
                                                "type":"flag",
                                                "name":"Conscious",
                                                "value":false,
                                                "logMessage":"Conscious: ",
                                                "keep":true
                                                },
                                                {
                                                "type":"flag",
                                                "name":"Breathing",
                                                "value":false,
                                                "logMessage":"Breathing: ",
                                                "keep":true
                                                }
                                                ]
                                      },
                                      {
                                      "name":"Circulation: Compressions Started",
                                      "view":"list",
                                      "items":[
                                               {
                                               "type":"numeric",
                                               "name":"Per EMS",
                                               "value":"",
                                               "logMessage":"Compressions Started: Per EMS: ",
                                               "keep":true
                                               },
                                               {
                                               "type":"numeric",
                                               "name":"Prior to Code Team Arrival",
                                               "value":"",
                                               "logMessage":"Compressions Started: Prior to Code Team Arrival: ",
                                               "keep":true
                                               }
                                               ]
                                      },
                                      {
                                      "name":"Circulation: Epinephrine/Vasopressin Dose(s)",
                                      "view":"list",
                                      "items":[
                                               {
                                               "type":"numeric",
                                               "name":"Per EMS",
                                               "value":"",
                                               "logMessage":"Epinephrine/Vasopressin Dose(s): Per EMS: ",
                                               "keep":true
                                               },
                                               {
                                               "type":"numeric",
                                               "name":"Prior to Code Team Arrival",
                                               "value":"",
                                               "logMessage":"Epinephrine/Vasopressin Dose(s): Prior to Code Team Arrival: ",
                                               "keep":true
                                               }
                                               ]
                                      },
                                      {
                                      "name":"Circulation: Defibrillator Shock",
                                      "view":"list",
                                      "items":[
                                               {
                                               "type":"numeric",
                                               "name":"Per EMS",
                                               "value":"",
                                               "logMessage":"Defibrillator Shock: Per EMS: ",
                                               "keep":true
                                               },
                                               {
                                               "type":"numeric",
                                               "name":"Prior to Code Team Arrival",
                                               "value":"",
                                               "logMessage":"Defibrillator Shock: Prior to Code Team Arrival: ",
                                               "keep":true
                                               }
                                               ]
                                      },
                                      {
                                      "name":"Reason Code Stopped",
                                      "view":"collection",
                                      "items": [
                                                {
                                                "type":"flag",
                                                "name":"Death",
                                                "value":false,
                                                "logMessage":"Reason Code Stopped Death: ",
                                                "keep":true
                                                },
                                                {
                                                "type":"flag",
                                                "name":"Futile",
                                                "value":false,
                                                "logMessage":"Reason Code Stopped Futile: ",
                                                "keep":true
                                                },
                                                {
                                                "type":"flag",
                                                "name":"DNR",
                                                "value":false,
                                                "logMessage":"Reason Code Stopped DNR: ",
                                                "keep":true
                                                },
                                                {
                                                "type":"flag",
                                                "name":"ROSC",
                                                "value":false,
                                                "logMessage":"Reason Code Stopped ROSC: ",
                                                "keep":true
                                                },
                                                {
                                                "type":"flag",
                                                "name":"No Loss of Circulation",
                                                "value":false,
                                                "logMessage":"Reason Code Stopped No Loss of Circulation: ",
                                                "keep":true
                                                }
                                                ]
                                      },
                                      {
                                      "name":"Significant Events Prior to Arrest",
                                      "view":"comment",
                                      "items": [
                                                {
                                                "type":"comment",
                                                "name":"",
                                                "value":"",
                                                "logMessage":"Significant Events Prior to Arrest: ",
                                                "keep":true
                                                }
                                                ]
                                      },
                                      {
                                      "name":"",
                                      "view":"list",
                                      "items": [
                                                {
                                                "type":"text",
                                                "name":"Controlled Substance Given",
                                                "value":"",
                                                "logMessage":"Controlled Substance Given: ",
                                                "keep":true
                                                },
                                                {
                                                "type":"numeric",
                                                "name":"Amound Wasted",
                                                "value":"",
                                                "logMessage":"Amound Wasted: ",
                                                "keep":true
                                                }
                                                ]
                                      },
                                      {
                                      "name":"",
                                      "view":"Signature",
                                      "items": [
                                                {
                                                "type":"Signature",
                                                "name":"Signature 1",
                                                "value":"",
                                                "logMessage":"signed for",
                                                "keep":true
                                                },
                                                {
                                                "type":"Signature",
                                                "name":"Signature 2",
                                                "value":"",
                                                "logMessage":"signed for",
                                                "keep":true
                                                }
                                                ]
                                      }
                                      ]
                         },
                         {
                         "name":"Profile",
                         "sections": [
                                      {
                                      "view":"list",
                                      "items": [
                                                {
                                                "type":"text",
                                                "name":"Name",
                                                "value":"",
                                                "logMessage":"Name: ",
                                                "keep":true
                                                },
                                                {
                                                "type":"text",
                                                "name":"MRN",
                                                "value":"",
                                                "logMessage":"MRN: ",
                                                "keep":true
                                                },
                                                {
                                                "type":"choice",
                                                "name":"Gender",
                                                "value":"",
                                                "logMessage": "Gender: ",
                                                "keep":true,
                                                "predefinedValues": {
                                                "name":"",
                                                "values": [
                                                           "Male",
                                                           "Female"
                                                           ]
                                                }
                                                },
                                                {
                                                "type":"numeric",
                                                "name":"Age ",
                                                "value":"",
                                                "logMessage":"Age : ",
                                                "keep":true
                                                },
                                                {
                                                "type":"numeric",
                                                "name":"Weight ",
                                                "detail":"kgs",
                                                "value":"",
                                                "logMessage":"Weight : ",
                                                "keep":true
                                                }
                                                ]
                                      }
                                      ]
                         },
                         {
                         "name":"Comments",
                         "sections": [
                                      {
                                      "name":"Comments",
                                      "view":"comment",
                                      "items": [
                                                {
                                                "type":"comment",
                                                "name":"",
                                                "value":"",
                                                "logMessage":"",
                                                "predefinedValues": {
                                                "name":"Activities",
                                                "values": [
                                                           "Code team arrival",
                                                           "Defibrillation pads placed",
                                                           "Labs drawn",
                                                           "Intubation",
                                                           "Ultrasound performed",
                                                           "Chest tube placed",
                                                           "CXR",
                                                           "EKG",
                                                           "Transfer to - "
                                                           ]
                                                },
                                                "keep":true
                                                }
                                                ]
                                      }
                                      ]
                         },
                         {
                         "name":"Team Members",
                         "sections":[
                                     {
                                     "view":"list",
                                     "items": [
                                               {
                                               "type":"text",
                                               "name":"Primary RN",
                                               "value":"",
                                               "logMessage":"Primary RN: ",
                                               "keep":true
                                               },
                                               {
                                               "type":"text",
                                               "name":"BackUp RN",
                                               "value":"",
                                               "logMessage":"BackUp RN: ",
                                               "keep":true
                                               },
                                               {
                                               "type":"text",
                                               "name":"Pharmacist",
                                               "value":"",
                                               "logMessage":"Pharmacist: ",
                                               "keep":true
                                               },
                                               {
                                               "type":"text",
                                               "name":"RT",
                                               "value":"",
                                               "logMessage":"RT: ",
                                               "keep":true
                                               },
                                               {
                                               "type":"text",
                                               "name":"VAS",
                                               "value":"",
                                               "logMessage":"VAS: ",
                                               "keep":true
                                               },
                                               {
                                               "type":"text",
                                               "name":"Others",
                                               "value":"",
                                               "logMessage":"Others: ",
                                               "keep":true
                                               }
                                               ]
                                     },
                                     {
                                     "name":"",
                                     "view":"Signature",
                                     "items": [
                                               {
                                               "type":"Signature",
                                               "name":"Recorder",
                                               "value":"",
                                               "logMessage":"signed for",
                                               "keep":true
                                               },
                                               {
                                               "type":"Signature",
                                               "name":"Physician Leader",
                                               "value":"",
                                               "logMessage":"signed for",
                                               "keep":true
                                               }
                                               ]
                                     }
                                     ]
                         }
                         ]
              }
              ]
}